img_name,p,r,f1,f2,ap_50,ap_50_95,conf,pred_cls,target_cls
/Data4/student_zhihan_data/data/GC10-DET_Sharpening_2.5/test/images/img_08_425637800_00890_jpg.rf.4e3226a45f7bf69e58918d8952b79b6b.jpg,[          1           1],[          1           1],[          1           1],[          1           1],0.995,0.5472499999999999,[     0.5679     0.27736],[          1           9],[          1           9]
/Data4/student_zhihan_data/data/GC10-DET_Sharpening_2.5/test/images/img_03_424992500_00388_jpg.rf.ec28701153afa1dd22f46920ffb9297f.jpg,[          0],[          0],[          0],[          0],0.0,0.0,[],[],[          8]
/Data4/student_zhihan_data/data/GC10-DET_Sharpening_2.5/test/images/img_03_425503100_00066_jpg.rf.c80d682dcb624742ec4e67f3dfc73544.jpg,[          0],[          0],[          0],[          0],0.0,0.0,[    0.34944     0.29941],[          5           9],[          2]
/Data4/student_zhihan_data/data/GC10-DET_Sharpening_2.5/test/images/img_01_425008500_00677_jpg.rf.85e0f1a63299479dd07b5c5314f7beca.jpg,[          1],[          1],[          1],[          1],0.995,0.796,[    0.77653],[          8],[          8]
/Data4/student_zhihan_data/data/GC10-DET_Sharpening_2.5/test/images/img_05_425608200_00814_jpg.rf.51da696c5976e986c5c492e99d2dd638.jpg,[        0.5           1],[          1           1],[    0.66667           1],[    0.83333           1],0.995,0.522375,[    0.68713     0.39257     0.37387     0.37378],[          1           9           1           6],[          1           9]
/Data4/student_zhihan_data/data/GC10-DET_Sharpening_2.5/test/images/img_01_425005700_00442_jpg.rf.ef12f267a48c4fae4160ff0ff6c1cd07.jpg,[          0],[          0],[          0],[          0],0.0,0.0,[],[],[          6]
/Data4/student_zhihan_data/data/GC10-DET_Sharpening_2.5/test/images/img_02_3436789500_00005_jpg.rf.85f310f1107d6db92898a8766345b99e.jpg,[          0],[          0],[          0],[          0],0.0,0.0,[    0.63863     0.45102     0.38512     0.33122      0.3283     0.31993],[          3           4           9           9           9           4],[          0           0]
/Data4/student_zhihan_data/data/GC10-DET_Sharpening_2.5/test/images/img_03_4401440300_00347_jpg.rf.ff9406713a4ed5507b002d4ce5f72e52.jpg,[          0],[          0],[          0],[          0],0.0,0.0,[],[],[          8           8           8]
/Data4/student_zhihan_data/data/GC10-DET_Sharpening_2.5/test/images/img_06_425614600_00411_jpg.rf.0ca4276f5b7c9adc24a31de9d096a32b.jpg,[          0],[          0],[          0],[          0],0.0,0.0,[],[],[          7]
/Data4/student_zhihan_data/data/GC10-DET_Sharpening_2.5/test/images/img_07_4404374100_01265_jpg.rf.7c0ea7dc6275568c84f63ffd923f5c66.jpg,[          0],[          0],[          0],[          0],0.0,0.0,[    0.29667],[          7],[          7]
/Data4/student_zhihan_data/data/GC10-DET_Sharpening_2.5/test/images/img_08_425007500_01452_jpg.rf.a6354954b51ef244ccef3d9462ffe717.jpg,[        0.5           1],[          1           1],[    0.66667           1],[    0.83333           1],0.74625,0.422875,[    0.71524     0.40928     0.32929     0.29731],[          1           9           1           6],[          1           9]
/Data4/student_zhihan_data/data/GC10-DET_Sharpening_2.5/test/images/img_01_425502900_00018_jpg.rf.993eb5cbb2f35e662145c2aa415d9879.jpg,[          1],[          1],[          1],[          1],0.995,0.597,[    0.53398],[          1],[          1]
/Data4/student_zhihan_data/data/GC10-DET_Sharpening_2.5/test/images/img_08_425508200_00024_jpg.rf.e7b2ff05772bc1c560893f689919a53b.jpg,[          0],[          0],[          0],[          0],0.0,0.0,[],[],[          2           2]
/Data4/student_zhihan_data/data/GC10-DET_Sharpening_2.5/test/images/img_08_4406743300_00468_jpg.rf.3298d91af6c8c83868684ff0feb87c36.jpg,[          0],[          0],[          0],[          0],0.0,0.0,[],[],[          6]
/Data4/student_zhihan_data/data/GC10-DET_Sharpening_2.5/test/images/img_07_4406645900_00730_jpg.rf.68f3b77d92761bf22a8e39c9837cbacd.jpg,[          0],[          0],[          0],[          0],0.0,0.0,[],[],[          6]
/Data4/student_zhihan_data/data/GC10-DET_Sharpening_2.5/test/images/img_03_4403715000_00003_jpg.rf.8fd599665109faa6025da5f5d7de01b0.jpg,[          0],[          0],[          0],[          0],0.0,0.0,[],[],[          5]
/Data4/student_zhihan_data/data/GC10-DET_Sharpening_2.5/test/images/img_08_425391700_00089_jpg.rf.c8fe702a294d891b9cb8143305d79e74.jpg,[    0.47234],[          1],[    0.64162],[    0.81738],0.4975,0.2985,[    0.72827     0.51393     0.37266],[          3           3           3],[          3]
/Data4/student_zhihan_data/data/GC10-DET_Sharpening_2.5/test/images/img_02_3436813700_00788_jpg.rf.33ac3428ca0da097f8ec6f666d2caf28.jpg,[          1],[          1],[          1],[          1],0.995,0.398,[    0.45681     0.35693     0.33892],[          9           8           9],[          8]
/Data4/student_zhihan_data/data/GC10-DET_Sharpening_2.5/test/images/img_08_425391700_00198_jpg.rf.79baed4ea8e426615cf676e94acf6292.jpg,[          0],[          0],[          0],[          0],0.0,0.0,[    0.70945     0.51409     0.42865     0.27492],[          3           3           3           2],[          3           3]
/Data4/student_zhihan_data/data/GC10-DET_Sharpening_2.5/test/images/img_08_425637500_00653_jpg.rf.269078f5716d0f1c7eb7259f891ec266.jpg,[        0.5           1],[          1           1],[    0.66667           1],[    0.83333           1],0.995,0.84575,[     0.5119     0.46057     0.33774],[          1           1           9],[          1           9]
/Data4/student_zhihan_data/data/GC10-DET_Sharpening_2.5/test/images/img_05_425505500_00053_jpg.rf.bcd8bcf9d6074b0fab4f2b095510420f.jpg,[          1     0.77984],[          1           1],[          1      0.8763],[          1     0.94655],0.995,0.6965,[    0.77412     0.42797     0.31307     0.25261],[          1           9           9           3],[          1           9]
/Data4/student_zhihan_data/data/GC10-DET_Sharpening_2.5/test/images/img_03_425391000_00491_jpg.rf.f28eeb3c2ee29652d34f681582fdf627.jpg,[          0],[          0],[          0],[          0],0.0,0.0,[],[],[          3]
/Data4/student_zhihan_data/data/GC10-DET_Sharpening_2.5/test/images/img_06_3403398500_01173_jpg.rf.3de8052bffb9ec5bcee37699641630ec.jpg,[          1],[          1],[          1],[          1],0.995,0.597,[    0.44054],[          4],[          4]
/Data4/student_zhihan_data/data/GC10-DET_Sharpening_2.5/test/images/img_07_4404893900_00568_jpg.rf.791dce27a30eb631f2acb54d52681b5c.jpg,[          1],[          1],[          1],[          1],0.995,0.199,[     0.3678],[          9],[          9]
/Data4/student_zhihan_data/data/GC10-DET_Sharpening_2.5/test/images/img_06_4406562900_00002_jpg.rf.bda7ab14f0be7131f2b4d3a02af2c1df.jpg,[          0           1           0         0.5],[          0           1           0           1],[          0           1           0     0.66667],[          0           1           0     0.83333],0.4975,0.24874999999999997,[    0.45959     0.31708     0.26923],[          4           9           9],[          4           1           8           9]
/Data4/student_zhihan_data/data/GC10-DET_Sharpening_2.5/test/images/img_01_425005700_00406_jpg.rf.3d18020876f46e3b235c9c2b79c7c0a6.jpg,[          0],[          0],[          0],[          0],0.0,0.0,[     0.5327     0.34199],[          6           6],[          6]
/Data4/student_zhihan_data/data/GC10-DET_Sharpening_2.5/test/images/img_06_4406645900_00001_jpg.rf.fef25d6e5e72505390955126bb6c5844.jpg,[          1           0],[          1           0],[          1           0],[          1           0],0.4975,0.24874999999999997,[    0.56552     0.48464],[          4           9],[          9           4]
/Data4/student_zhihan_data/data/GC10-DET_Sharpening_2.5/test/images/img_03_424992300_00206_jpg.rf.db57f94ddc87cd8c8d31d86134bfe8b5.jpg,[          1],[          1],[          1],[          1],0.995,0.2985,[    0.78378     0.28846],[          8           1],[          8]
/Data4/student_zhihan_data/data/GC10-DET_Sharpening_2.5/test/images/img_03_SIS001540_00786_jpg.rf.9639d974e6cd04fcfbe0ca3a847c2c23.jpg,[          0],[          0],[          0],[          0],0.0,0.0,[],[],[          8]
/Data4/student_zhihan_data/data/GC10-DET_Sharpening_2.5/test/images/img_03_425644600_00006_jpg.rf.feb60eafb5ebdef584a26d874345da58.jpg,[          0],[          0],[          0],[          0],0.0,0.0,[    0.34524],[          3],[          2]
/Data4/student_zhihan_data/data/GC10-DET_Sharpening_2.5/test/images/img_03_424992300_00514_jpg.rf.b1eee4d04fd6d8ce8f6ad7cac1a91c98.jpg,[          0           1],[          0           1],[          0           1],[          0           1],0.4975,0.398,[     0.8053],[          8],[          8           6]
/Data4/student_zhihan_data/data/GC10-DET_Sharpening_2.5/test/images/img_01_425008500_00104_jpg.rf.32e3c393304c5bd5dd58d6f5c54b11b2.jpg,[          1],[          1],[          1],[          1],0.995,0.597,[    0.65547],[          8],[          8]
/Data4/student_zhihan_data/data/GC10-DET_Sharpening_2.5/test/images/img_07_424714400_00009_jpg.rf.b093d048d4dd9a68725899c42f343812.jpg,[          0],[          0],[          0],[          0],0.0,0.0,[    0.46455     0.28239],[          8           6],[          6           6           6]
/Data4/student_zhihan_data/data/GC10-DET_Sharpening_2.5/test/images/img_03_3403396800_01005_jpg.rf.089e7bcff1fe4ca0a5efcbb8ba1d31a3.jpg,[          1],[          1],[          1],[          1],0.995,0.2985,[    0.37194],[          4],[          4]
/Data4/student_zhihan_data/data/GC10-DET_Sharpening_2.5/test/images/img_01_425614600_00001_jpg.rf.d08146824f2f274a835da26023733959.jpg,[          1],[          1],[          1],[          1],0.995,0.796,[    0.30665     0.30171],[          8           9],[          9]
/Data4/student_zhihan_data/data/GC10-DET_Sharpening_2.5/test/images/img_02_436164300_01201_jpg.rf.85573a21edbf1fa649474a2d02b1f985.jpg,[          1],[          1],[          1],[          1],0.995,0.199,[     0.2659],[          9],[          9]
/Data4/student_zhihan_data/data/GC10-DET_Sharpening_2.5/test/images/img_02_3436813700_00329_jpg.rf.6b0f3214e509051d3f663785b72f9977.jpg,[          0],[          0],[          0],[          0],0.0,0.0,[     0.5257],[          8],[          8]
/Data4/student_zhihan_data/data/GC10-DET_Sharpening_2.5/test/images/img_03_436165200_00707_jpg.rf.c381097c20f217474d6a7055b68e42b5.jpg,[          1           1],[          1           1],[          1           1],[          1           1],0.995,0.2985,[    0.42653     0.36873],[          9           4],[          9           4]
/Data4/student_zhihan_data/data/GC10-DET_Sharpening_2.5/test/images/img_06_436164700_01556_jpg.rf.f334be6da007856c550eea2733e6ddfb.jpg,[          0],[          0],[          0],[          0],0.0,0.0,[],[],[          7]
/Data4/student_zhihan_data/data/GC10-DET_Sharpening_2.5/test/images/img_07_4406645900_00618_jpg.rf.4728af3455c5277eb1fddbd3836acad8.jpg,[          0],[          0],[          0],[          0],0.0,0.0,[],[],[          6]
/Data4/student_zhihan_data/data/GC10-DET_Sharpening_2.5/test/images/img_01_425243300_00542_jpg.rf.14bf99bd3ac913df040788581e0c88dc.jpg,[          1],[          1],[          1],[          1],0.995,0.0995,[    0.36531     0.27125],[          6           3],[          6]
/Data4/student_zhihan_data/data/GC10-DET_Sharpening_2.5/test/images/img_07_4406645900_00539_jpg.rf.5326b38415f2224b33d1177da2f08acc.jpg,[          0],[          0],[          0],[          0],0.0,0.0,[],[],[          6]
/Data4/student_zhihan_data/data/GC10-DET_Sharpening_2.5/test/images/img_06_3403391400_01266_jpg.rf.80af5beb629c06713ab61361167a5fb1.jpg,[     0.9211],[          1],[    0.95893],[    0.98316],0.995,0.796,[     0.7065     0.38429],[          4           4],[          4]
/Data4/student_zhihan_data/data/GC10-DET_Sharpening_2.5/test/images/img_05_4406645900_00121_jpg.rf.1436f27643598a147db9887106c187f6.jpg,[          1],[          1],[          1],[          1],0.995,0.6965,[    0.26123],[          6],[          6]
/Data4/student_zhihan_data/data/GC10-DET_Sharpening_2.5/test/images/img_06_4406645900_00492_jpg.rf.e7263b2fc93e67e0e539b5c351794ac4.jpg,[          0],[          0],[          0],[          0],0.0,0.0,[],[],[          6]
/Data4/student_zhihan_data/data/GC10-DET_Sharpening_2.5/test/images/img_08_425508200_00364_jpg.rf.b7359501e11684697ea0179ee2d73c6a.jpg,[          0],[          0],[          0],[          0],0.0,0.0,[    0.31329],[          3],[          2           2           2           2           2]
/Data4/student_zhihan_data/data/GC10-DET_Sharpening_2.5/test/images/img_06_425505000_00050_jpg.rf.8dd309fffb6d54f06ca08a323ff8d674.jpg,[          0           0],[          0           0],[          0           0],[          0           0],0.0,0.0,[],[],[          4           9]
/Data4/student_zhihan_data/data/GC10-DET_Sharpening_2.5/test/images/img_03_436153300_01008_jpg.rf.f63e360cafbe1d3c24a7003bf62e611c.jpg,[          1           1],[          1           1],[          1           1],[          1           1],0.995,0.44775,[    0.43933     0.42147],[          4           9],[          9           4]
/Data4/student_zhihan_data/data/GC10-DET_Sharpening_2.5/test/images/img_01_425241400_00039_jpg.rf.b8d9feafc1b8dd39b237b1fbe2f64c01.jpg,[    0.89241],[          1],[    0.94315],[    0.97646],0.995,0.6965,[    0.53869     0.30537],[          8           8],[          8]
/Data4/student_zhihan_data/data/GC10-DET_Sharpening_2.5/test/images/img_08_425508200_00033_jpg.rf.5fce67dd739986f4e810a69a3dbdd898.jpg,[          0],[          0],[          0],[          0],0.0,0.0,[    0.41849],[          3],[          2           2           2]
/Data4/student_zhihan_data/data/GC10-DET_Sharpening_2.5/test/images/img_08_425391700_00189_jpg.rf.1a13221d07f68c02a79b1ad4271531b6.jpg,[          0],[          0],[          0],[          0],0.0,0.0,[    0.81182      0.5027     0.44222],[          3           3           3],[          3]
/Data4/student_zhihan_data/data/GC10-DET_Sharpening_2.5/test/images/img_04_4406645900_00543_jpg.rf.ed669612518b5fdf164ffecd32e9ee20.jpg,[          0],[          0],[          0],[          0],0.0,0.0,[],[],[          6]
/Data4/student_zhihan_data/data/GC10-DET_Sharpening_2.5/test/images/img_06_425614600_00421_jpg.rf.2515be4bc918194d52817f85a91b1d76.jpg,[          0],[          0],[          0],[          0],0.0,0.0,[],[],[          7]
/Data4/student_zhihan_data/data/GC10-DET_Sharpening_2.5/test/images/img_06_425502300_01407_jpg.rf.373e002d051b7dffab2253e6395233ff.jpg,[        0.6],[        0.5],[    0.54545],[    0.51724],0.5159999999999998,0.17446479999999998,[     0.8583     0.58476     0.37074     0.36627     0.25476],[          3           3           3           3           3],[          3           3           3           3           3           3]
/Data4/student_zhihan_data/data/GC10-DET_Sharpening_2.5/test/images/img_04_425622400_00001_jpg.rf.1569615634dbd1da5eb39c062886d1b1.jpg,[          1           0],[          1           0],[          1           0],[          1           0],0.4975,0.398,[    0.57528],[          1],[          1           9]
/Data4/student_zhihan_data/data/GC10-DET_Sharpening_2.5/test/images/img_02_425503500_00017_jpg.rf.0e8d663c52ed2c69d593baf76af5b85a.jpg,[          0           0],[          0           0],[          0           0],[          0           0],0.0,0.0,[    0.29257     0.25841],[          3           3],[          9           4]
/Data4/student_zhihan_data/data/GC10-DET_Sharpening_2.5/test/images/img_02_425502300_00338_jpg.rf.e2b675b66d9467a731b1a879826eb4ab.jpg,[          0],[          0],[          0],[          0],0.0,0.0,[],[],[          2]
/Data4/student_zhihan_data/data/GC10-DET_Sharpening_2.5/test/images/img_07_4402719500_00001_jpg.rf.22f073984ae35b05d1552fc55e648838.jpg,[          0],[          0],[          0],[          0],0.0,0.0,[],[],[          7]
/Data4/student_zhihan_data/data/GC10-DET_Sharpening_2.5/test/images/img_03_425613800_00026_jpg.rf.9431cf66cf71bdcc8d00f4aa1397fc09.jpg,[          0],[          0],[          0],[          0],0.0,0.0,[],[],[          0]
/Data4/student_zhihan_data/data/GC10-DET_Sharpening_2.5/test/images/img_08_425640100_00874_jpg.rf.60e0b0bf22233173d446c821485769f3.jpg,[          1           1],[          1           1],[          1           1],[          1           1],0.995,0.398,[    0.68369     0.52216     0.43805],[          1           6           9],[          9           1]
/Data4/student_zhihan_data/data/GC10-DET_Sharpening_2.5/test/images/img_01_425007600_00673_jpg.rf.9829fb414e6d963f8995480d2ab499b5.jpg,[          0           1],[          0           1],[          0           1],[          0           1],0.4975,0.44775,[     0.6216     0.58628],[          8           6],[          8           6]
/Data4/student_zhihan_data/data/GC10-DET_Sharpening_2.5/test/images/img_01_425006600_00376_jpg.rf.72cd03df7d5dbe716a362ba631a7be7a.jpg,[          1],[          1],[          1],[          1],0.995,0.597,[    0.59213],[          8],[          8]
/Data4/student_zhihan_data/data/GC10-DET_Sharpening_2.5/test/images/img_01_425005700_00377_jpg.rf.ad0227dd72c803e70f00c59f54aedf0a.jpg,[          0],[          0],[          0],[          0],0.0,0.0,[    0.38108     0.25104],[          6           6],[          6]
/Data4/student_zhihan_data/data/GC10-DET_Sharpening_2.5/test/images/img_03_4404580600_00513_jpg.rf.13a229dfa7704d8aca630e341f2eee89.jpg,[          0],[          0],[          0],[          0],0.0,0.0,[    0.50198     0.48325],[          6           6],[          6           6           6           6]
/Data4/student_zhihan_data/data/GC10-DET_Sharpening_2.5/test/images/img_06_3436814000_00009_jpg.rf.def8ad57e2e2e27a4cc7872751aa9b60.jpg,[          0],[          0],[          0],[          0],0.0,0.0,[    0.40401     0.30756],[          9           7],[          7]
/Data4/student_zhihan_data/data/GC10-DET_Sharpening_2.5/test/images/img_03_SIS001540_00771_jpg.rf.c05779ebea02d856e4cd5a0abb7c888d.jpg,[          1],[          1],[          1],[          1],0.995,0.199,[    0.51305],[          8],[          8]
/Data4/student_zhihan_data/data/GC10-DET_Sharpening_2.5/test/images/img_02_425392300_00834_jpg.rf.0b128393fbd7d86c43aac9827542b5a8.jpg,[        0.5],[        0.5],[        0.5],[        0.5],0.375,0.0375,[    0.28234     0.25406],[          2           2],[          2           2]
/Data4/student_zhihan_data/data/GC10-DET_Sharpening_2.5/test/images/img_03_425622700_00002_jpg.rf.32ac3443018ededf38865b2563278ed9.jpg,[          0],[          0],[          0],[          0],0.0,0.0,[],[],[          5]
/Data4/student_zhihan_data/data/GC10-DET_Sharpening_2.5/test/images/img_06_425502300_01397_jpg.rf.a60eabd84ddcc5a78530397551fb1962.jpg,[          1],[          1],[          1],[          1],0.995,0.6965,[    0.33449     0.26874],[          3           3],[          3           3]
/Data4/student_zhihan_data/data/GC10-DET_Sharpening_2.5/test/images/img_04_425380400_00732_jpg.rf.2724305c2310ce939118e9722a75a6a9.jpg,[          0],[          0],[          0],[          0],0.0,0.0,[],[],[          6]
/Data4/student_zhihan_data/data/GC10-DET_Sharpening_2.5/test/images/img_08_425639900_00613_jpg.rf.447c5c60c1227cd51220d96abf9cf5dc.jpg,[          0           0],[          0           0],[          0           0],[          0           0],0.0,0.0,[],[],[          2           6]
/Data4/student_zhihan_data/data/GC10-DET_Sharpening_2.5/test/images/img_03_425391800_00255_jpg.rf.97a06641064fcb5c4dfd11719bd13b31.jpg,[          0],[          0],[          0],[          0],0.0,0.0,[],[],[          2]
/Data4/student_zhihan_data/data/GC10-DET_Sharpening_2.5/test/images/img_07_4406645900_00559_jpg.rf.03067aded65780c0d73f5e141c82a6d5.jpg,[          0],[          0],[          0],[          0],0.0,0.0,[],[],[          6]
/Data4/student_zhihan_data/data/GC10-DET_Sharpening_2.5/test/images/img_04_425501800_00017_jpg.rf.812d82b38c0ed09113d87b40c7a5f262.jpg,[          1],[          1],[          1],[          1],0.995,0.49749999999999994,[    0.57209     0.50356],[          1           9],[          1]
/Data4/student_zhihan_data/data/GC10-DET_Sharpening_2.5/test/images/img_07_435974600_00213_jpg.rf.0a01558b2ae421b20d1e9dc2d2a9ec13.jpg,[          1],[          1],[          1],[          1],0.995,0.398,[    0.58516],[          3],[          3]
/Data4/student_zhihan_data/data/GC10-DET_Sharpening_2.5/test/images/img_01_425005700_00490_jpg.rf.427c92061ff932c557f54e00eba8331c.jpg,[          0],[          0],[          0],[          0],0.0,0.0,[],[],[          6]
/Data4/student_zhihan_data/data/GC10-DET_Sharpening_2.5/test/images/img_01_425008000_00037_jpg.rf.19c58306deeb9c7995251dd4a6fad689.jpg,[          0           1],[          0           1],[          0           1],[          0           1],0.4975,0.398,[    0.32506],[          8],[          8           6]
/Data4/student_zhihan_data/data/GC10-DET_Sharpening_2.5/test/images/img_06_4406743300_00094_jpg.rf.4de6f9fd4829253babeab689f1c2cd87.jpg,[    0.56266],[          1],[    0.72013],[    0.86546],0.995,0.0995,[    0.42383     0.36615     0.26918],[          6           6           6],[          6]
/Data4/student_zhihan_data/data/GC10-DET_Sharpening_2.5/test/images/img_03_425390700_00020_jpg.rf.f94b71ea26f422f480424cb40c4a4c22.jpg,[          0],[          0],[          0],[          0],0.0,0.0,[],[],[          5           5]
/Data4/student_zhihan_data/data/GC10-DET_Sharpening_2.5/test/images/img_07_3436814000_00009_jpg.rf.3792cfc19eff0bddbb07888c1d7c4003.jpg,[          0],[          0],[          0],[          0],0.0,0.0,[],[],[          7]
/Data4/student_zhihan_data/data/GC10-DET_Sharpening_2.5/test/images/img_06_425502300_01402_jpg.rf.89482ff308039ff5c49e702b1dee3065.jpg,[          1],[        0.2],[    0.33333],[     0.2381],0.6,0.12,[    0.25731],[          3],[          3           3           3           3           3]
/Data4/student_zhihan_data/data/GC10-DET_Sharpening_2.5/test/images/img_04_4402831800_01217_jpg.rf.3885a1149dce7ce8db0314a6cd9dc83d.jpg,[          0],[          0],[          0],[          0],0.0,0.0,[    0.49493],[          1],[          9]
/Data4/student_zhihan_data/data/GC10-DET_Sharpening_2.5/test/images/img_03_425501800_01220_jpg.rf.113f0d789ceb8e5b634869258e492361.jpg,[          0],[          0],[          0],[          0],0.0,0.0,[],[],[          2           2]
/Data4/student_zhihan_data/data/GC10-DET_Sharpening_2.5/test/images/img_01_425383400_01036_jpg.rf.cf5334663cc46ce2c0d79d4dc8621f07.jpg,[          1           1],[          1           1],[          1           1],[          1           1],0.995,0.7959999999999999,[    0.76073     0.42689     0.29123],[          1           9           3],[          9           1]
/Data4/student_zhihan_data/data/GC10-DET_Sharpening_2.5/test/images/img_01_425008000_00002_jpg.rf.cf4a202b39d361e12b0956129f08c2c7.jpg,[          1],[          1],[          1],[          1],0.995,0.597,[    0.61829],[          8],[          8]
/Data4/student_zhihan_data/data/GC10-DET_Sharpening_2.5/test/images/img_02_3436788500_00879_jpg.rf.d82d1a030f2f2645b5fa35b6bb4f9b84.jpg,[          1         0.5],[          1           1],[          1     0.66667],[          1     0.83333],0.74625,0.174125,[    0.85213     0.41146     0.34609],[          1           9           9],[          1           9]
/Data4/student_zhihan_data/data/GC10-DET_Sharpening_2.5/test/images/img_07_4406645900_00850_jpg.rf.83dfa6cef754c57bafb93c18990008a1.jpg,[          0],[          0],[          0],[          0],0.0,0.0,[],[],[          6]
/Data4/student_zhihan_data/data/GC10-DET_Sharpening_2.5/test/images/img_02_425507200_01513_jpg.rf.2f96a24a72e35071d0aa3f756150b84c.jpg,[          0],[          0],[          0],[          0],0.0,0.0,[],[],[          3           3           3           3]
/Data4/student_zhihan_data/data/GC10-DET_Sharpening_2.5/test/images/img_06_425237000_00670_jpg.rf.dda82ee1b4bf2438519eb8bc5c19c7ac.jpg,[          0           0],[          0           0],[          0           0],[          0           0],0.0,0.0,[],[],[          2           8]
/Data4/student_zhihan_data/data/GC10-DET_Sharpening_2.5/test/images/img_08_425382400_00001_jpg.rf.1e40bf6e954bf658573f06a23293faed.jpg,[          0],[          0],[          0],[          0],0.0,0.0,[],[],[          9]
/Data4/student_zhihan_data/data/GC10-DET_Sharpening_2.5/test/images/img_02_3436813700_00335_jpg.rf.a7bc0aa20aa1d0ecb40a94bec8d799f1.jpg,[          0],[          0],[          0],[          0],0.0,0.0,[    0.34902],[          8],[          8]
/Data4/student_zhihan_data/data/GC10-DET_Sharpening_2.5/test/images/img_04_436165600_00004_jpg.rf.fc44fddcc1d6d22c1c7f5f445ab038d8.jpg,[          0],[          0],[          0],[          0],0.0,0.0,[],[],[          9]
/Data4/student_zhihan_data/data/GC10-DET_Sharpening_2.5/test/images/img_04_425637500_00653_jpg.rf.36196537eded48062974df2ad0f82dff.jpg,[          0],[          0],[          0],[          0],0.0,0.0,[    0.73398     0.30364],[          1           1],[          9]
/Data4/student_zhihan_data/data/GC10-DET_Sharpening_2.5/test/images/img_03_4402724500_01245_jpg.rf.f8462455a8fc8a32606dcdf2c415a0df.jpg,[          0],[          0],[          0],[          0],0.0,0.0,[],[],[          5           5           5]
/Data4/student_zhihan_data/data/GC10-DET_Sharpening_2.5/test/images/img_08_4402842500_01044_jpg.rf.0559520a625f7cbc8e8b1ca1d8cdd585.jpg,[          0],[          0],[          0],[          0],0.0,0.0,[    0.73918     0.49072     0.29617     0.29262     0.27217],[          3           3           1           3           1],[          1]
/Data4/student_zhihan_data/data/GC10-DET_Sharpening_2.5/test/images/img_03_425613500_00001_jpg.rf.23fe4ca91985d975edc64398a61d1d44.jpg,[          1],[          1],[          1],[          1],0.995,0.6965,[    0.72161],[          4],[          4]
/Data4/student_zhihan_data/data/GC10-DET_Sharpening_2.5/test/images/img_02_4406772100_00243_jpg.rf.047681178919abd84bd1f26a71cfd387.jpg,[          0],[          0],[          0],[          0],0.0,0.0,[],[],[          8]
/Data4/student_zhihan_data/data/GC10-DET_Sharpening_2.5/test/images/img_07_4406645900_00740_jpg.rf.3613bbd33e41972500a658f63397f575.jpg,[          0],[          0],[          0],[          0],0.0,0.0,[],[],[          6]
/Data4/student_zhihan_data/data/GC10-DET_Sharpening_2.5/test/images/img_06_3403333800_00715_jpg.rf.9fb79c365a632d00f8a9f2e8442920e3.jpg,[          1           0],[          1           0],[          1           0],[          1           0],0.4975,0.24874999999999997,[    0.72543     0.35362     0.28162],[          4           6           6],[          4           9]
/Data4/student_zhihan_data/data/GC10-DET_Sharpening_2.5/test/images/img_08_4403744200_01175_jpg.rf.0e6bf1d95865a297c900faf9bdf3dd25.jpg,[          0],[          0],[          0],[          0],0.0,0.0,[    0.38622     0.27639],[          3           5],[          8]
/Data4/student_zhihan_data/data/GC10-DET_Sharpening_2.5/test/images/img_08_425508200_00359_jpg.rf.18297ae2807fcb5b2903ab09fd509949.jpg,[          0           0],[          0           0],[          0           0],[          0           0],0.0,0.0,[    0.31146],[          3],[          2           2           2           2           2           6]
/Data4/student_zhihan_data/data/GC10-DET_Sharpening_2.5/test/images/img_07_4405168700_00711_jpg.rf.44485f2119830d890be4178ead6eb577.jpg,[          1],[        0.5],[    0.66667],[    0.55556],0.75,0.6,[    0.33137],[          3],[          3           3]
/Data4/student_zhihan_data/data/GC10-DET_Sharpening_2.5/test/images/img_01_425609500_00001_jpg.rf.c139c9b2bbdc6c75c237db5429e5600f.jpg,[          1],[          1],[          1],[          1],0.995,0.796,[    0.28755],[          1],[          1]
/Data4/student_zhihan_data/data/GC10-DET_Sharpening_2.5/test/images/img_08_3403334300_00853_jpg.rf.2b73635a7c025e596fbcaed164bc844b.jpg,[          0           1],[          0           1],[          0           1],[          0           1],0.4975,0.04975,[    0.36548     0.35981     0.25077],[          9           4           3],[          9           6]
/Data4/student_zhihan_data/data/GC10-DET_Sharpening_2.5/test/images/img_01_4406743300_00475_jpg.rf.cbb17b1613752d938c0b919880db6c74.jpg,[          0],[          0],[          0],[          0],0.0,0.0,[    0.46351     0.27383],[          6           6],[          6]
/Data4/student_zhihan_data/data/GC10-DET_Sharpening_2.5/test/images/img_02_3436813700_00321_jpg.rf.a2aa41eb9c661d396034776837f8af21.jpg,[          0],[          0],[          0],[          0],0.0,0.0,[],[],[          8]
/Data4/student_zhihan_data/data/GC10-DET_Sharpening_2.5/test/images/img_05_4406743300_00507_jpg.rf.edd6ef5091389130dea46c1bbcedacfa.jpg,[          0],[          0],[          0],[          0],0.0,0.0,[    0.41317],[          3],[          6]
/Data4/student_zhihan_data/data/GC10-DET_Sharpening_2.5/test/images/img_02_3402616900_00001_jpg.rf.8a88102c40f5ec42f76d0cee1e2fae7d.jpg,[          1           0           1],[          1           0           1],[          1           0           1],[          1           0           1],0.6633333333333333,0.2985,[    0.29705     0.25628],[          4           9],[          9           5           4]
/Data4/student_zhihan_data/data/GC10-DET_Sharpening_2.5/test/images/img_07_435974600_00220_jpg.rf.300a6f692db45696d09a026b40f4070e.jpg,[          1],[          1],[          1],[          1],0.995,0.0995,[    0.72994],[          3],[          3]
/Data4/student_zhihan_data/data/GC10-DET_Sharpening_2.5/test/images/img_01_425005700_00201_jpg.rf.d09b4219e5333345ca9d5415045133fc.jpg,[          0],[          0],[          0],[          0],0.0,0.0,[],[],[          6]
/Data4/student_zhihan_data/data/GC10-DET_Sharpening_2.5/test/images/img_07_3436814000_00011_jpg.rf.fa7a9baa1c7b041f0189ed06fe7c138b.jpg,[          1],[          1],[          1],[          1],0.995,0.199,[    0.54598     0.51643     0.44799     0.34651     0.31701],[          7           3           3           3           3],[          7]
/Data4/student_zhihan_data/data/GC10-DET_Sharpening_2.5/test/images/img_06_3403404000_00928_jpg.rf.df8508e1bd685000c95a0a08c66c0b97.jpg,[          0],[          0],[          0],[          0],0.0,0.0,[],[],[          9]
/Data4/student_zhihan_data/data/GC10-DET_Sharpening_2.5/test/images/img_05_425614700_00001_jpg.rf.db79a5131c5eed770ca9226f083b3b08.jpg,[          1           0],[          1           0],[          1           0],[          1           0],0.4975,0.49749999999999994,[    0.83329],[          1],[          1           9]
/Data4/student_zhihan_data/data/GC10-DET_Sharpening_2.5/test/images/img_02_3402618000_00002_jpg.rf.d6609cfde33420b8cf3f5857f50d8e2c.jpg,[          0],[          0],[          0],[          0],0.0,0.0,[    0.32909     0.31787     0.27701],[          0           0           0],[          7]
/Data4/student_zhihan_data/data/GC10-DET_Sharpening_2.5/test/images/img_02_425243200_00533_jpg.rf.c14db537449ebf25be4de62e902cd617.jpg,[          0],[          0],[          0],[          0],0.0,0.0,[    0.47912],[          6],[          6]
/Data4/student_zhihan_data/data/GC10-DET_Sharpening_2.5/test/images/img_02_4402623300_00034_jpg.rf.34551b07ffc059cb3bc752ee6cbed63b.jpg,[          0],[          0],[          0],[          0],0.0,0.0,[],[],[          2]
/Data4/student_zhihan_data/data/GC10-DET_Sharpening_2.5/test/images/img_02_425508600_00684_jpg.rf.6efdd89c6075379e75f1f9f8445896b4.jpg,[          0],[          0],[          0],[          0],0.0,0.0,[],[],[          8]
/Data4/student_zhihan_data/data/GC10-DET_Sharpening_2.5/test/images/img_03_424714400_00001_jpg.rf.8953ff6428eff377894ae67df57336bf.jpg,[          0           0           1           0],[          0           0           1           0],[          0           0           1           0],[          0           0           1           0],0.24875,0.14925,[     0.4369     0.41154],[          9           4],[          4           9           0           3]
/Data4/student_zhihan_data/data/GC10-DET_Sharpening_2.5/test/images/img_02_436184600_00774_jpg.rf.d27e16845de256caa0a62c89b290d922.jpg,[          0],[          0],[          0],[          0],0.0,0.0,[    0.55005],[          8],[          6]
/Data4/student_zhihan_data/data/GC10-DET_Sharpening_2.5/test/images/img_08_425503600_00053_jpg.rf.4e0005d89ff1d2fa788311d13a51abb9.jpg,[          1           0],[          1           0],[          1           0],[          1           0],0.4975,0.398,[    0.74494],[          1],[          1           9]
/Data4/student_zhihan_data/data/GC10-DET_Sharpening_2.5/test/images/img_06_4406743300_00052_jpg.rf.4c3b6c954c4d0ccf25f4d188cbbfc0a9.jpg,[          0],[          0],[          0],[          0],0.0,0.0,[    0.42423     0.34796     0.30116],[          6           6           6],[          6]
/Data4/student_zhihan_data/data/GC10-DET_Sharpening_2.5/test/images/img_03_3402617700_00653_jpg.rf.1ef43702aa0df6d62596b17eda5e42c7.jpg,[          0           0],[          0           0],[          0           0],[          0           0],0.0,0.0,[],[],[          2           8]
/Data4/student_zhihan_data/data/GC10-DET_Sharpening_2.5/test/images/img_03_3402617800_00047_jpg.rf.0c90a1386795442822afbd2cb6a841ce.jpg,[          1],[          1],[          1],[          1],0.995,0.398,[    0.75971     0.29935],[          8           6],[          8]
/Data4/student_zhihan_data/data/GC10-DET_Sharpening_2.5/test/images/img_02_436153600_00681_jpg.rf.09d712baef2da3a60301a30633d4af09.jpg,[     0.7672],[          1],[    0.86827],[    0.94278],0.995,0.2985,[    0.49339     0.38397     0.31152],[          6           6           6],[          6]
/Data4/student_zhihan_data/data/GC10-DET_Sharpening_2.5/test/images/img_01_425005700_00555_jpg.rf.e1a20fb84e9af76157c2685f2d822bfe.jpg,[          0],[          0],[          0],[          0],0.0,0.0,[],[],[          6]
/Data4/student_zhihan_data/data/GC10-DET_Sharpening_2.5/test/images/img_03_424992500_00525_jpg.rf.fb66d73109444570f4689d23c788fefa.jpg,[          0           0],[          0           0],[          0           0],[          0           0],0.0,0.0,[],[],[          8           6]
/Data4/student_zhihan_data/data/GC10-DET_Sharpening_2.5/test/images/img_01_425392100_00662_jpg.rf.d0c1dddee827171d5750f200f08e5974.jpg,[          1],[          1],[          1],[          1],0.995,0.597,[    0.75304     0.34009],[          8           5],[          8]
/Data4/student_zhihan_data/data/GC10-DET_Sharpening_2.5/test/images/img_02_4406645900_00894_jpg.rf.02587c13be3bc67641ff87d1eb5064fa.jpg,[          0],[          0],[          0],[          0],0.0,0.0,[],[],[          6]
/Data4/student_zhihan_data/data/GC10-DET_Sharpening_2.5/test/images/img_04_4406645900_00678_jpg.rf.eab2402da33d0122e4f3fee31afe6758.jpg,[          0],[          0],[          0],[          0],0.0,0.0,[],[],[          6]
/Data4/student_zhihan_data/data/GC10-DET_Sharpening_2.5/test/images/img_03_SIS001533_00036_jpg.rf.5058fdd17f4e2cf7c4ab8e5eafa02603.jpg,[          0],[          0],[          0],[          0],0.0,0.0,[],[],[          6           6]
/Data4/student_zhihan_data/data/GC10-DET_Sharpening_2.5/test/images/img_03_425644200_00680_jpg.rf.54c4d1780f76c69d459aaf11e72b6650.jpg,[          1           0],[          1           0],[          1           0],[          1           0],0.4975,0.34825,[    0.53348],[          4],[          4           6]
/Data4/student_zhihan_data/data/GC10-DET_Sharpening_2.5/test/images/img_08_425503800_00052_jpg.rf.f3dd6fbb17863c108c3447422f572507.jpg,[          1],[          1],[          1],[          1],0.995,0.6965,[    0.47038      0.4639     0.34828],[          3           1           3],[          1]
/Data4/student_zhihan_data/data/GC10-DET_Sharpening_2.5/test/images/img_07_425100400_00088_jpg.rf.89157cf4860bf5924950996b646f1cba.jpg,[          1],[          1],[          1],[          1],0.995,0.597,[    0.44984],[          3],[          3]
/Data4/student_zhihan_data/data/GC10-DET_Sharpening_2.5/test/images/img_07_425390900_00111_jpg.rf.a675c597d559b8d66ab4abce3c4e5277.jpg,[          0],[          0],[          0],[          0],0.0,0.0,[    0.25279],[          9],[          3           3           3           3]
/Data4/student_zhihan_data/data/GC10-DET_Sharpening_2.5/test/images/img_02_436152900_00547_jpg.rf.4318185adf6ae9ebf38c5e2787cfe3e9.jpg,[          0],[          0],[          0],[          0],0.0,0.0,[],[],[          6]
/Data4/student_zhihan_data/data/GC10-DET_Sharpening_2.5/test/images/img_07_3436814000_00007_jpg.rf.86db99613a244e14390a572474d89841.jpg,[          0],[          0],[          0],[          0],0.0,0.0,[],[],[          7]
/Data4/student_zhihan_data/data/GC10-DET_Sharpening_2.5/test/images/img_08_4402842500_01043_jpg.rf.69416faaef5d57c368649059aab2fce5.jpg,[    0.71718],[          1],[     0.8353],[     0.9269],0.995,0.2985,[    0.43268     0.34376],[          1           1],[          1]
/Data4/student_zhihan_data/data/GC10-DET_Sharpening_2.5/test/images/img_03_425505000_00018_jpg.rf.583902c8b3cd56b263fc585c7193c1a5.jpg,[          1     0.85477],[          1           1],[          1      0.9217],[          1     0.96714],0.995,0.49749999999999994,[     0.7968     0.52203     0.34796],[          4           9           9],[          4           9]
/Data4/student_zhihan_data/data/GC10-DET_Sharpening_2.5/test/images/img_02_3436813700_00307_jpg.rf.c085fb0f135c1174012545973d20af4f.jpg,[          1],[          1],[          1],[          1],0.995,0.199,[    0.59248],[          8],[          8]
/Data4/student_zhihan_data/data/GC10-DET_Sharpening_2.5/test/images/img_07_425508700_00363_jpg.rf.721347e3b79f519725ee5289bbf97edc.jpg,[          0],[          0],[          0],[          0],0.0,0.0,[],[],[          2]
/Data4/student_zhihan_data/data/GC10-DET_Sharpening_2.5/test/images/img_03_424992500_00674_jpg.rf.807c0c6e51ea5e5652b1e35d60435eca.jpg,[          0],[          0],[          0],[          0],0.0,0.0,[],[],[          8]
/Data4/student_zhihan_data/data/GC10-DET_Sharpening_2.5/test/images/img_08_425502200_00054_jpg.rf.2d48915a28535457ee003a4ce62eafef.jpg,[          0],[          0],[          0],[          0],0.0,0.0,[    0.51596     0.51103     0.47966     0.41905     0.41124     0.33113],[          3           1           1           3           9           1],[          9]
/Data4/student_zhihan_data/data/GC10-DET_Sharpening_2.5/test/images/img_01_425005700_00453_jpg.rf.9761dca07cdf96d3fbd0f7d0d4aad403.jpg,[          0],[          0],[          0],[          0],0.0,0.0,[    0.50783     0.28518     0.27205],[          6           6           3],[          6]
/Data4/student_zhihan_data/data/GC10-DET_Sharpening_2.5/test/images/img_06_4406743300_00041_jpg.rf.85756c07963f7f34a4480e677c22dfc6.jpg,[          0],[          0],[          0],[          0],0.0,0.0,[    0.37516     0.34772],[          6           6],[          6]
/Data4/student_zhihan_data/data/GC10-DET_Sharpening_2.5/test/images/img_02_436153600_00692_jpg.rf.fed8577bb99a3f296c643ebeec56ae60.jpg,[        0.5],[          1],[    0.66667],[    0.83333],0.995,0.49749999999999994,[    0.30426     0.28393],[          6           6],[          6]
/Data4/student_zhihan_data/data/GC10-DET_Sharpening_2.5/test/images/img_01_425005700_00327_jpg.rf.a264bc3855c5d4fd318926bb51c19dab.jpg,[          0],[          0],[          0],[          0],0.0,0.0,[],[],[          6]
/Data4/student_zhihan_data/data/GC10-DET_Sharpening_2.5/test/images/img_07_4406645900_00566_jpg.rf.55077a65cd5b330d408134556d4aeefa.jpg,[          0],[          0],[          0],[          0],0.0,0.0,[],[],[          6]
/Data4/student_zhihan_data/data/GC10-DET_Sharpening_2.5/test/images/img_06_4404374100_01350_jpg.rf.9e1d1e5513003caa4ff960ea2dd68212.jpg,[          0],[          0],[          0],[          0],0.0,0.0,[],[],[          7]
/Data4/student_zhihan_data/data/GC10-DET_Sharpening_2.5/test/images/img_08_4406743300_00461_jpg.rf.519f67b1b46527e288ec71230a5945c7.jpg,[          0],[          0],[          0],[          0],0.0,0.0,[],[],[          6]
/Data4/student_zhihan_data/data/GC10-DET_Sharpening_2.5/test/images/img_04_425503200_00019_jpg.rf.9e775acc68e9543232b7c84238746d12.jpg,[          0],[          0],[          0],[          0],0.0,0.0,[    0.79365     0.54988],[          3           3],[          2]
/Data4/student_zhihan_data/data/GC10-DET_Sharpening_2.5/test/images/img_01_4406743300_00649_jpg.rf.fd9794d7a0f1d9da22526814fd9ec601.jpg,[          0],[          0],[          0],[          0],0.0,0.0,[    0.45232],[          6],[          6]
/Data4/student_zhihan_data/data/GC10-DET_Sharpening_2.5/test/images/img_08_4406743300_00429_jpg.rf.79f4cdd985d80134e8e6d20adae3d381.jpg,[          0],[          0],[          0],[          0],0.0,0.0,[],[],[          6]
/Data4/student_zhihan_data/data/GC10-DET_Sharpening_2.5/test/images/img_07_4406645900_00716_jpg.rf.7f47eb4f0e3ce39dc9fd725330e8acca.jpg,[          0],[          0],[          0],[          0],0.0,0.0,[],[],[          6           6]
/Data4/student_zhihan_data/data/GC10-DET_Sharpening_2.5/test/images/img_01_425005700_00195_jpg.rf.71eaa3e9f72b11d1668e17c446006f14.jpg,[          0],[          0],[          0],[          0],0.0,0.0,[    0.28671     0.28041     0.27913     0.26628      0.2612     0.25477],[          2           2           2           2           2           3],[          6]
/Data4/student_zhihan_data/data/GC10-DET_Sharpening_2.5/test/images/img_02_436153600_00705_jpg.rf.52769831dfcaaed7484e9344e1ec0970.jpg,[        0.5],[          1],[    0.66667],[    0.83333],0.4975,0.0995,[    0.41183     0.32669],[          6           6],[          6]
/Data4/student_zhihan_data/data/GC10-DET_Sharpening_2.5/test/images/img_05_4406743300_00390_jpg.rf.80880d28e5931b1b1d3fbd91789b94cc.jpg,[          1],[          1],[          1],[          1],0.995,0.398,[    0.57945     0.32177     0.26108],[          8           6           8],[          6]
/Data4/student_zhihan_data/data/GC10-DET_Sharpening_2.5/test/images/img_03_4404580600_00527_jpg.rf.e9c24823c24000c3df5c8d4468fa3960.jpg,[          0],[          0],[          0],[          0],0.0,0.0,[    0.53118     0.46478],[          6           6],[          6           6]
/Data4/student_zhihan_data/data/GC10-DET_Sharpening_2.5/test/images/img_01_4406772100_00602_jpg.rf.9329d875c75b7070bc94d989dcae3974.jpg,[          1],[          1],[          1],[          1],0.995,0.8955,[    0.35298],[          8],[          8]
/Data4/student_zhihan_data/data/GC10-DET_Sharpening_2.5/test/images/img_03_436068600_00001_jpg.rf.a3b5b92538661601e3580b1f63fa1fe1.jpg,[          1           0],[          1           0],[          1           0],[          1           0],0.4975,0.44775,[    0.72474],[          4],[          9           4]
/Data4/student_zhihan_data/data/GC10-DET_Sharpening_2.5/test/images/img_05_425502600_00052_jpg.rf.00ba4b822f14ebfe9e6f527a5ffdd5f0.jpg,[          1],[          1],[          1],[          1],0.995,0.49749999999999994,[    0.48193],[          1],[          1]
/Data4/student_zhihan_data/data/GC10-DET_Sharpening_2.5/test/images/img_07_4406772100_00002_jpg.rf.4e06f23bdedbd8c1d534369a0c9df5a6.jpg,[          0           1],[          0           1],[          0           1],[          0           1],0.4975,0.24874999999999997,[    0.46309],[          9],[          9           1]
/Data4/student_zhihan_data/data/GC10-DET_Sharpening_2.5/test/images/img_06_424826800_00500_jpg.rf.cc124ebbea3b417653cb7885511d7203.jpg,[          0],[          0],[          0],[          0],0.0,0.0,[    0.33224],[          7],[          7]
/Data4/student_zhihan_data/data/GC10-DET_Sharpening_2.5/test/images/img_01_425005700_00233_jpg.rf.3028f7e6a4200c828bb92303f2afc8d3.jpg,[          0],[          0],[          0],[          0],0.0,0.0,[],[],[          6]
/Data4/student_zhihan_data/data/GC10-DET_Sharpening_2.5/test/images/img_02_425637500_00001_jpg.rf.a94f8edf26e75a939fabc6cb7ab7f575.jpg,[          1],[          1],[          1],[          1],0.995,0.199,[    0.35647],[          9],[          9]
/Data4/student_zhihan_data/data/GC10-DET_Sharpening_2.5/test/images/img_02_4402851700_00985_jpg.rf.8418903284e9af64cac7d57f946b6634.jpg,[    0.90244           0           0],[          1           0           0],[    0.94872           0           0],[    0.97884           0           0],0.33166666666666667,0.09949999999999999,[    0.54354     0.28191],[          4           4],[          9           4           6]
/Data4/student_zhihan_data/data/GC10-DET_Sharpening_2.5/test/images/img_04_425380900_00001_jpg.rf.e624c9bac4c52c864eca86fe216b173d.jpg,[          1],[          1],[          1],[          1],0.995,0.597,[    0.53837     0.47778],[          1           9],[          9]
/Data4/student_zhihan_data/data/GC10-DET_Sharpening_2.5/test/images/img_06_4403068300_01280_jpg.rf.26c56d2e141d14b605fd845aa1ede116.jpg,[          1],[          1],[          1],[          1],0.995,0.49749999999999994,[    0.59978],[          4],[          4]
/Data4/student_zhihan_data/data/GC10-DET_Sharpening_2.5/test/images/img_03_425507000_00876_jpg.rf.1ec5ad8bef3b7b86ac397b29f231e8ee.jpg,[    0.87915],[          1],[    0.93569],[    0.97324],0.995,0.398,[    0.56267     0.35516     0.32465],[          3           3           6],[          3]
/Data4/student_zhihan_data/data/GC10-DET_Sharpening_2.5/test/images/img_02_436153600_00695_jpg.rf.f3a708ae4faba81a2370b3a4be5f4991.jpg,[          1],[          1],[          1],[          1],0.995,0.2985,[     0.4168],[          6],[          6]
/Data4/student_zhihan_data/data/GC10-DET_Sharpening_2.5/test/images/img_03_436152900_00530_jpg.rf.dd2cff87617073ed89d29299cd2e6192.jpg,[          0           0],[          0           0],[          0           0],[          0           0],0.0,0.0,[],[],[          6           6           3]
/Data4/student_zhihan_data/data/GC10-DET_Sharpening_2.5/test/images/img_01_425005700_00322_jpg.rf.5a100c10975739348aff46fa89c0fa58.jpg,[          0],[          0],[          0],[          0],0.0,0.0,[],[],[          6]
/Data4/student_zhihan_data/data/GC10-DET_Sharpening_2.5/test/images/img_04_424798500_00304_jpg.rf.a4437d6b6c88c8b19e177f2baec8e571.jpg,[          0],[          0],[          0],[          0],0.0,0.0,[    0.47527     0.39952     0.34796     0.27208],[          8           8           8           8],[          8]
/Data4/student_zhihan_data/data/GC10-DET_Sharpening_2.5/test/images/img_06_425506600_00054_jpg.rf.882e28136579e3820b5e6cce3975eb97.jpg,[          1           0],[          1           0],[          1           0],[          1           0],0.4975,0.34825,[    0.50369],[          4],[          4           9]
/Data4/student_zhihan_data/data/GC10-DET_Sharpening_2.5/test/images/img_01_425243200_00439_jpg.rf.1b03e41158a8d2c2e23f79746a1af7d2.jpg,[          1],[          1],[          1],[          1],0.995,0.796,[    0.46157],[          6],[          6]
/Data4/student_zhihan_data/data/GC10-DET_Sharpening_2.5/test/images/img_01_425005700_00404_jpg.rf.9aa3580f1c53b68437404757dc3fe924.jpg,[          0],[          0],[          0],[          0],0.0,0.0,[    0.44625],[          6],[          6]
/Data4/student_zhihan_data/data/GC10-DET_Sharpening_2.5/test/images/img_02_SIS001522_00036_jpg.rf.cb241c23de2ee2064c3ab1c6d3b91980.jpg,[          0],[          0],[          0],[          0],0.0,0.0,[],[],[          6           6]
/Data4/student_zhihan_data/data/GC10-DET_Sharpening_2.5/test/images/img_04_425005700_00169_jpg.rf.cc0f7d81b27bb502bab35f0a186657ec.jpg,[          0],[          0],[          0],[          0],0.0,0.0,[],[],[          6]
/Data4/student_zhihan_data/data/GC10-DET_Sharpening_2.5/test/images/img_06_425508300_00054_jpg.rf.a675ec555ddc3670bf308f8bf9a7f839.jpg,[          1           1],[          1           1],[          1           1],[          1           1],0.995,0.34825,[    0.42038     0.27358],[          4           9],[          4           9]
/Data4/student_zhihan_data/data/GC10-DET_Sharpening_2.5/test/images/img_04_3402617700_00395_jpg.rf.6eb1174b43b6942a90d55f23805ceae1.jpg,[          0],[          0],[          0],[          0],0.0,0.0,[],[],[          3]
/Data4/student_zhihan_data/data/GC10-DET_Sharpening_2.5/test/images/img_06_3403334000_00839_jpg.rf.38782d71a638688663f2382ff70757a0.jpg,[    0.33333     0.76738],[          1           1],[        0.5     0.86838],[    0.71429     0.94284],0.995,0.273625,[    0.51826     0.40012     0.38701     0.36342      0.2781      0.2726],[          4           4           9           4           9           6],[          4           9]
/Data4/student_zhihan_data/data/GC10-DET_Sharpening_2.5/test/images/img_03_3402617100_00131_jpg.rf.e0698f0de79c1c5bba28f70a23cd19a8.jpg,[          0],[          0],[          0],[          0],0.0,0.0,[],[],[          2           2           2]
/Data4/student_zhihan_data/data/GC10-DET_Sharpening_2.5/test/images/img_02_436153300_00001_jpg.rf.cd5f7565e580e531ba325885ac446e30.jpg,[          1           0           1],[          1           0           1],[          1           0           1],[          1           0           1],0.6633333333333333,0.2653333333333333,[    0.33523     0.29234],[          9           1],[          9           1           3]
/Data4/student_zhihan_data/data/GC10-DET_Sharpening_2.5/test/images/img_07_425508400_00969_jpg.rf.b8e08f003a6e87d19b163e4146ce6478.jpg,[          0],[          0],[          0],[          0],0.0,0.0,[    0.34926],[          8],[          2           2           2           2]
/Data4/student_zhihan_data/data/GC10-DET_Sharpening_2.5/test/images/img_07_3403335500_00710_jpg.rf.2e7d8f85ef390175e623aff6656205ef.jpg,[          1],[          1],[          1],[          1],0.995,0.398,[    0.41462],[          9],[          9]
/Data4/student_zhihan_data/data/GC10-DET_Sharpening_2.5/test/images/img_01_425006100_00947_jpg.rf.7203fdcbf41aba96ec8600d1440d31a9.jpg,[    0.75038],[          1],[    0.85739],[    0.93762],0.995,0.597,[     0.4772     0.43378     0.33283],[          9           1           1],[          1]
/Data4/student_zhihan_data/data/GC10-DET_Sharpening_2.5/test/images/img_08_425391700_00185_jpg.rf.83fc59d1d943bc89719e85cb4841e56b.jpg,[        0.5],[        0.5],[        0.5],[        0.5],0.375,0.1125,[    0.47778     0.31329],[          3           3],[          3           3]
/Data4/student_zhihan_data/data/GC10-DET_Sharpening_2.5/test/images/img_05_436068100_00002_jpg.rf.562478a84c103a9ab393a21c61cf41eb.jpg,[          1],[          1],[          1],[          1],0.995,0.6965,[    0.92141     0.26438],[          1           9],[          1]
/Data4/student_zhihan_data/data/GC10-DET_Sharpening_2.5/test/images/img_01_425000300_00630_jpg.rf.12001adc8b86faf88a47b6aa6f321b91.jpg,[    0.74624],[          1],[    0.85468],[    0.93632],0.995,0.54725,[    0.43702     0.39355     0.33725],[          8           6           8],[          8]
/Data4/student_zhihan_data/data/GC10-DET_Sharpening_2.5/test/images/img_01_425243600_00631_jpg.rf.0d54909f697052f6d9d32d59ef41d44f.jpg,[          1           1],[          1           1],[          1           1],[          1           1],0.995,0.2985,[    0.37015     0.29804],[          8           6],[          8           6]
/Data4/student_zhihan_data/data/GC10-DET_Sharpening_2.5/test/images/img_08_425504800_00052_jpg.rf.d9a7dabae93b5b199eb1d3094bce8a42.jpg,[          1],[          1],[          1],[          1],0.995,0.597,[    0.60903     0.35889     0.35383],[          3           3           1],[          1]
/Data4/student_zhihan_data/data/GC10-DET_Sharpening_2.5/test/images/img_07_4402719100_00026_jpg.rf.774e9d21bf440af9baf3192318c10e19.jpg,[          0],[          0],[          0],[          0],0.0,0.0,[],[],[          7]
/Data4/student_zhihan_data/data/GC10-DET_Sharpening_2.5/test/images/img_03_3403394800_00844_jpg.rf.5c0c88c583f2670f94baae5fb5881adf.jpg,[          1],[          1],[          1],[          1],0.995,0.199,[    0.32894],[          4],[          4]
/Data4/student_zhihan_data/data/GC10-DET_Sharpening_2.5/test/images/img_01_425005700_00207_jpg.rf.e431c17c450a5d3990f740aebc9c9cd7.jpg,[          0],[          0],[          0],[          0],0.0,0.0,[     0.3323],[          2],[          6]
/Data4/student_zhihan_data/data/GC10-DET_Sharpening_2.5/test/images/img_01_425005700_00197_jpg.rf.88277838f2a5680138fe9a9bbe00d2a9.jpg,[          0],[          0],[          0],[          0],0.0,0.0,[],[],[          6]
/Data4/student_zhihan_data/data/GC10-DET_Sharpening_2.5/test/images/img_02_SIS001491_00257_jpg.rf.2682c53f3b15845e0a16cff779d087f4.jpg,[          0],[          0],[          0],[          0],0.0,0.0,[    0.41995     0.34227     0.33071     0.32332     0.26121],[          6           6           6           6           6],[          6]
/Data4/student_zhihan_data/data/GC10-DET_Sharpening_2.5/test/images/img_04_425382600_00050_jpg.rf.bc5baa170778230432b612b07f474070.jpg,[          0],[          0],[          0],[          0],0.0,0.0,[],[],[          2           2]
/Data4/student_zhihan_data/data/GC10-DET_Sharpening_2.5/test/images/img_01_425501900_00017_jpg.rf.3aa4f32c0457ccdf62e25fee41f97c17.jpg,[          0],[          0],[          0],[          0],0.0,0.0,[],[],[          1]
/Data4/student_zhihan_data/data/GC10-DET_Sharpening_2.5/test/images/img_07_3403335000_01066_jpg.rf.286c53f7b6be336c065bd9578b9b963c.jpg,[          0],[          0],[          0],[          0],0.0,0.0,[    0.27304],[          6],[          9]
/Data4/student_zhihan_data/data/GC10-DET_Sharpening_2.5/test/images/img_02_424799300_00072_jpg.rf.7e6e34894080536d4be7bf6914c91a1b.jpg,[          1],[          1],[          1],[          1],0.995,0.597,[    0.34566],[          8],[          8]
/Data4/student_zhihan_data/data/GC10-DET_Sharpening_2.5/test/images/img_01_425008500_00874_jpg.rf.9ee7dec3f71c320546f8a4f1cbc6f631.jpg,[          1           0],[          1           0],[          1           0],[          1           0],0.4975,0.398,[    0.39651      0.3203     0.28861],[          9           1           3],[          1           9]
/Data4/student_zhihan_data/data/GC10-DET_Sharpening_2.5/test/images/img_03_3403395700_01033_jpg.rf.e580dea01d1e603c01c7001c7bf050c2.jpg,[          1           0],[          1           0],[          1           0],[          1           0],0.4975,0.199,[    0.70836],[          4],[          4           8]
/Data4/student_zhihan_data/data/GC10-DET_Sharpening_2.5/test/images/img_04_4402851900_00001_jpg.rf.6c389721aba69ed6b154fe41d9ad142f.jpg,[          0],[          0],[          0],[          0],0.0,0.0,[      0.505],[          1],[          9]
/Data4/student_zhihan_data/data/GC10-DET_Sharpening_2.5/test/images/img_03_4402724500_01243_jpg.rf.c05cf4141805e5dc51a827dc32e2d58f.jpg,[          0],[          0],[          0],[          0],0.0,0.0,[    0.38196],[          8],[          5           5]
/Data4/student_zhihan_data/data/GC10-DET_Sharpening_2.5/test/images/img_07_3436814000_00691_jpg.rf.63b4a8df37f07559993cd6ec2b6337b7.jpg,[          0],[          0],[          0],[          0],0.0,0.0,[],[],[          7]
/Data4/student_zhihan_data/data/GC10-DET_Sharpening_2.5/test/images/img_01_425503600_00016_jpg.rf.277f290435f399628660988d047f9a9f.jpg,[          1],[          1],[          1],[          1],0.995,0.6965,[    0.55801],[          1],[          1]
/Data4/student_zhihan_data/data/GC10-DET_Sharpening_2.5/test/images/img_04_431854700_00287_jpg.rf.daa8a63c7c3d3c843ef93c6955936901.jpg,[          0],[          0],[          0],[          0],0.0,0.0,[    0.41553],[          8],[          3           3           3]
/Data4/student_zhihan_data/data/GC10-DET_Sharpening_2.5/test/images/img_02_425616500_00001_jpg.rf.dc3a5197b9fcdf7590cbb6b9c3e4ddf9.jpg,[          0           0],[          0           0],[          0           0],[          0           0],0.0,0.0,[],[],[          4           9]
/Data4/student_zhihan_data/data/GC10-DET_Sharpening_2.5/test/images/img_02_3402617100_00366_jpg.rf.30a0df88951183a42aa92f25aebb167b.jpg,[          0],[          0],[          0],[          0],0.0,0.0,[],[],[          2]
/Data4/student_zhihan_data/data/GC10-DET_Sharpening_2.5/test/images/img_01_4402270500_00003_jpg.rf.5d4436691803211d7fe644a0ec75b072.jpg,[          0],[          0],[          0],[          0],0.0,0.0,[    0.45359     0.42071     0.38165],[          3           3           9],[          0           0           0           0           0           0]
/Data4/student_zhihan_data/data/GC10-DET_Sharpening_2.5/test/images/img_03_425501900_00017_jpg.rf.3cd9f0f6e30f19b48af03d9167a20b18.jpg,[          1],[          1],[          1],[          1],0.995,0.597,[    0.65534],[          4],[          4]
/Data4/student_zhihan_data/data/GC10-DET_Sharpening_2.5/test/images/img_06_4403801500_01282_jpg.rf.e5ce594df12bc36641710a36673e38ad.jpg,[          0],[          0],[          0],[          0],0.0,0.0,[    0.39629     0.32327     0.30089],[          6           8           6],[          9]
/Data4/student_zhihan_data/data/GC10-DET_Sharpening_2.5/test/images/img_03_424992500_00514_jpg.rf.4bcd005586f4824d77e99ecdf3cd158c.jpg,[          0           1],[          0           1],[          0           1],[          0           1],0.4975,0.04975,[    0.65511],[          8],[          8           6]
/Data4/student_zhihan_data/data/GC10-DET_Sharpening_2.5/test/images/img_01_425244400_00900_jpg.rf.95ed2a16b21bcdb90ad96c2d2de7ac0b.jpg,[          1           0],[          1           0],[          1           0],[          1           0],0.4975,0.2985,[    0.62393],[          1],[          1           9]
/Data4/student_zhihan_data/data/GC10-DET_Sharpening_2.5/test/images/img_04_425616200_00712_jpg.rf.9d36b85cb2a4229b295079ce982d70ba.jpg,[          1           0],[          1           0],[          1           0],[          1           0],0.4975,0.24874999999999997,[    0.29565],[          1],[          1           9]
/Data4/student_zhihan_data/data/GC10-DET_Sharpening_2.5/test/images/img_02_4406772100_00404_jpg.rf.df5228ff5479591dfb47bdf37efa3904.jpg,[          0],[          0],[          0],[          0],0.0,0.0,[],[],[          8]
/Data4/student_zhihan_data/data/GC10-DET_Sharpening_2.5/test/images/img_08_425391700_00182_jpg.rf.8d9c32bc7c54e9f5a7bad9f51eed0d78.jpg,[          0],[          0],[          0],[          0],0.0,0.0,[    0.60025      0.2934],[          3           4],[          3           3]
/Data4/student_zhihan_data/data/GC10-DET_Sharpening_2.5/test/images/img_06_4406645900_00485_jpg.rf.3f931a81014c8279d37f9ea48deb8064.jpg,[          0],[          0],[          0],[          0],0.0,0.0,[    0.39509],[          8],[          6]
/Data4/student_zhihan_data/data/GC10-DET_Sharpening_2.5/test/images/img_02_4406645900_00346_jpg.rf.38e5a0361c7f36f7f10ce69be471fb48.jpg,[          0],[          0],[          0],[          0],0.0,0.0,[],[],[          6]
/Data4/student_zhihan_data/data/GC10-DET_Sharpening_2.5/test/images/img_02_3436813700_00273_jpg.rf.590d5374100e8d2ab0cdc424ee7ac241.jpg,[    0.66667],[          1],[        0.8],[    0.90909],0.8283333333333331,0.5633333333333332,[    0.66998     0.40523     0.27776],[          8           8           8],[          8           8]
/Data4/student_zhihan_data/data/GC10-DET_Sharpening_2.5/test/images/img_02_424799300_00040_jpg.rf.94f8a3367d737cc4b1987ad586f4295a.jpg,[          1],[          1],[          1],[          1],0.995,0.398,[    0.31812     0.26017],[          3           8],[          8]
/Data4/student_zhihan_data/data/GC10-DET_Sharpening_2.5/test/images/img_03_425005700_01362_jpg.rf.74949d89686a0f7ed84a9279146d2e76.jpg,[          0     0.65482],[          0           1],[          0     0.79141],[          0     0.90463],0.4975,0.0995,[     0.7119     0.40939     0.33547],[          4           9           9],[          4           9]
/Data4/student_zhihan_data/data/GC10-DET_Sharpening_2.5/test/images/img_07_4406743300_00039_jpg.rf.7c564852705a604f38f262d2e3cc0add.jpg,[     0.3588],[        0.5],[    0.41779],[    0.46352],0.31124999999999997,0.031124999999999996,[    0.44523     0.43543      0.3799     0.35767],[          6           6           6           6],[          6           6]
/Data4/student_zhihan_data/data/GC10-DET_Sharpening_2.5/test/images/img_08_4406743300_00412_jpg.rf.3551601da00aa41c40c41e786f95a3be.jpg,[          0],[          0],[          0],[          0],0.0,0.0,[    0.82655     0.28568],[          3           6],[          6]
/Data4/student_zhihan_data/data/GC10-DET_Sharpening_2.5/test/images/img_07_4406645900_00145_jpg.rf.4be498b12ec5aa868fcba152d3b5925e.jpg,[          0],[          0],[          0],[          0],0.0,0.0,[],[],[          6]
/Data4/student_zhihan_data/data/GC10-DET_Sharpening_2.5/test/images/img_08_4406743300_00019_jpg.rf.cf4fdd5461b0cff15dc310d545af4fe7.jpg,[          0],[          0],[          0],[          0],0.0,0.0,[     0.4847],[          6],[          6]
/Data4/student_zhihan_data/data/GC10-DET_Sharpening_2.5/test/images/img_02_436153600_00699_jpg.rf.dc59be1a097a3f785ebdc448aec0b005.jpg,[        0.5],[          1],[    0.66667],[    0.83333],0.995,0.24874999999999997,[    0.31002     0.30624],[          6           6],[          6]
/Data4/student_zhihan_data/data/GC10-DET_Sharpening_2.5/test/images/img_02_4404580000_00041_jpg.rf.e612abb27ce62a99263fe0512619014c.jpg,[        0.5],[          1],[    0.66667],[    0.83333],0.4975,0.34825,[    0.56401     0.32853],[          8           8],[          8]
/Data4/student_zhihan_data/data/GC10-DET_Sharpening_2.5/test/images/img_06_425237000_00672_jpg.rf.2687f2ceca231f75cd7c2861880fb178.jpg,[          0],[          0],[          0],[          0],0.0,0.0,[],[],[          2]
/Data4/student_zhihan_data/data/GC10-DET_Sharpening_2.5/test/images/img_07_3403335100_01063_jpg.rf.cde40191535d27746c7383bdca4ef3c9.jpg,[          0],[          0],[          0],[          0],0.0,0.0,[    0.50929     0.49276     0.32929     0.32236],[          4           4           4           4],[          9]
/Data4/student_zhihan_data/data/GC10-DET_Sharpening_2.5/test/images/img_06_3436814000_00681_jpg.rf.a4fd6ee098dc2e1fbf579cf253277cbb.jpg,[          0],[          0],[          0],[          0],0.0,0.0,[],[],[          7]
